{
  "f": 0.04134027331095195,
  "k": 0.06296244633348251,
  "Du": 0.15974811282166004,
  "Dv": 0.07870401747762319,
  "hue_lo": 0.6154108028987914,
  "hue_hi": 0.004226528081164355,
  "sat": 0.5851136923127608,
  "gamma": 1.0078626897786427
}