{
  "f": 0.04188607540214111,
  "k": 0.062333400512168506,
  "Du": 0.15768586345545155,
  "Dv": 0.07919681358702872,
  "hue_lo": 0.6128783573426488,
  "hue_hi": 0.9883308262537074,
  "sat": 0.6396752632501711,
  "gamma": 1.0396436721993714
}