{
  "f": 0.04279902298741486,
  "k": 0.06259773637272831,
  "Du": 0.16107047052263992,
  "Dv": 0.0788400422223704,
  "hue_lo": 0.5797153703262367,
  "hue_hi": 0.010628854727984605,
  "sat": 0.6600220463331841,
  "gamma": 1.0593256423970046
}