{
  "f": 0.04258175323360641,
  "k": 0.06215884858799606,
  "Du": 0.1571280918559358,
  "Dv": 0.08086944240084137,
  "hue_lo": 0.5943283139062878,
  "hue_hi": 0.9975245632504869,
  "sat": 0.6472001393994318,
  "gamma": 1.1126846021885715
}