{
  "f": 0.04181248613314528,
  "k": 0.06256802486490179,
  "Du": 0.15630917544972833,
  "Dv": 0.08034398120870907,
  "hue_lo": 0.6310418675912175,
  "hue_hi": 0.979033466349131,
  "sat": 0.6482183220768856,
  "gamma": 1.1228139993205701
}