{
  "f": 0.042630337373663285,
  "k": 0.06290328502012493,
  "Du": 0.16067116235025955,
  "Dv": 0.08044587862571838,
  "hue_lo": 0.610285400913629,
  "hue_hi": 0.016388769903310757,
  "sat": 0.6353634089197413,
  "gamma": 1.0616989741478347
}