{
  "f": 0.04094951993218844,
  "k": 0.062235767383625684,
  "Du": 0.15941511568180636,
  "Dv": 0.08078634728300067,
  "hue_lo": 0.6159012227682167,
  "hue_hi": 0.9947101330232597,
  "sat": 0.5935966538366855,
  "gamma": 1.0325496218475865
}