{
  "f": 0.0424373380248289,
  "k": 0.06280351862914475,
  "Du": 0.15702615539846623,
  "Dv": 0.08111653326524343,
  "hue_lo": 0.6221247056783467,
  "hue_hi": 0.9850427281868281,
  "sat": 0.6188841230210113,
  "gamma": 1.0749968356860329
}