{
  "f": 0.041991896471356024,
  "k": 0.062193616978007744,
  "Du": 0.15775798538833813,
  "Dv": 0.08059819064047145,
  "hue_lo": 0.6027316176106062,
  "hue_hi": 0.0042202930674470895,
  "sat": 0.6641076618652111,
  "gamma": 1.0755535923120458
}