{
  "f": 0.04227797599033871,
  "k": 0.06279948985779181,
  "Du": 0.16003922080738453,
  "Dv": 0.07917202975849436,
  "hue_lo": 0.5971289464638403,
  "hue_hi": 0.024535049755250816,
  "sat": 0.6240703791529104,
  "gamma": 1.0633846098355448
}