{
  "f": 0.04228501972630271,
  "k": 0.06271012970223327,
  "Du": 0.1616971673263929,
  "Dv": 0.08071707133837441,
  "hue_lo": 0.5967803001210047,
  "hue_hi": 0.032307312496078044,
  "sat": 0.6274965187319314,
  "gamma": 1.1115671560777276
}