{
  "f": 0.04246685752821315,
  "k": 0.0625230610773021,
  "Du": 0.15989226487695526,
  "Dv": 0.08002571165213028,
  "hue_lo": 0.5786896875311364,
  "hue_hi": 0.004606703497610685,
  "sat": 0.6321046534744336,
  "gamma": 1.0945337407278208
}