{
  "f": 0.0403954335326551,
  "k": 0.06220508137049738,
  "Du": 0.15850288134801732,
  "Dv": 0.08152119117579916,
  "hue_lo": 0.6036898315613367,
  "hue_hi": 0.9995982287916351,
  "sat": 0.5945077213725327,
  "gamma": 1.0477608093753834
}