{
  "f": 0.04188032592031647,
  "k": 0.06291310461443221,
  "Du": 0.15961826490392406,
  "Dv": 0.08006174408028877,
  "hue_lo": 0.6155852023548412,
  "hue_hi": 0.0021592816622371114,
  "sat": 0.6387453987586185,
  "gamma": 1.0857860611834997
}