{
  "f": 0.04037802126330277,
  "k": 0.06213517961456329,
  "Du": 0.15569363590415883,
  "Dv": 0.0800856037938701,
  "hue_lo": 0.5945236589700271,
  "hue_hi": 0.005939242519889865,
  "sat": 0.570232574916499,
  "gamma": 1.0269232485738873
}