{
  "f": 0.041592420236368756,
  "k": 0.06266991304125868,
  "Du": 0.1575688291381972,
  "Dv": 0.07921338912989324,
  "hue_lo": 0.6132964189334997,
  "hue_hi": 0.016522044259245056,
  "sat": 0.6145817647372797,
  "gamma": 1.056399131276738
}