{
  "f": 0.04132944490975455,
  "k": 0.06271602183902078,
  "Du": 0.15770320255442133,
  "Dv": 0.08056099215162942,
  "hue_lo": 0.6116862380857779,
  "hue_hi": 0.988437550675226,
  "sat": 0.6395185823527907,
  "gamma": 1.0874052670289311
}