{
  "f": 0.0417566765978133,
  "k": 0.06265080248605247,
  "Du": 0.1609651071031031,
  "Dv": 0.07958025031387346,
  "hue_lo": 0.5989844473029916,
  "hue_hi": 0.017239873268930214,
  "sat": 0.6119300199164847,
  "gamma": 1.0287710316779026
}