{
  "f": 0.041882019851678526,
  "k": 0.06265642420969819,
  "Du": 0.15871710620324994,
  "Dv": 0.08045740721967479,
  "hue_lo": 0.6027877744712837,
  "hue_hi": 0.9945853824761199,
  "sat": 0.6633251670732454,
  "gamma": 1.1277304346504926
}