{
  "f": 0.04003991762789429,
  "k": 0.062310144081481306,
  "Du": 0.1582487085140889,
  "Dv": 0.07911230033429159,
  "hue_lo": 0.5953661516158296,
  "hue_hi": 0.010679830273306042,
  "sat": 0.5782550426498652,
  "gamma": 0.9833798861092379
}