{
  "f": 0.041415082493171815,
  "k": 0.06262289099994182,
  "Du": 0.15717236236463591,
  "Dv": 0.08098755495948429,
  "hue_lo": 0.627104462275073,
  "hue_hi": 0.983191688275708,
  "sat": 0.6236943891816061,
  "gamma": 1.1439751285696347
}