{
  "f": 0.04106810995330291,
  "k": 0.06259832337566147,
  "Du": 0.15740434536859493,
  "Dv": 0.080249701400462,
  "hue_lo": 0.6103301443835558,
  "hue_hi": 0.003902726518898907,
  "sat": 0.6019413459072686,
  "gamma": 1.0627873955789928
}