{
  "f": 0.04131817987482487,
  "k": 0.06279378550329566,
  "Du": 0.1565274627696554,
  "Dv": 0.08161406159217333,
  "hue_lo": 0.6071837903482801,
  "hue_hi": 0.9943934927588316,
  "sat": 0.6392486511867607,
  "gamma": 1.1693105463914832
}