{
  "f": 0.04054063865184798,
  "k": 0.061969862460501,
  "Du": 0.15813952702030992,
  "Dv": 0.08016922331989491,
  "hue_lo": 0.5973378777684033,
  "hue_hi": 0.02372095344209143,
  "sat": 0.574878731201142,
  "gamma": 0.98490673958671
}